{
    "notices": [
        {
            "title": "[필독] 멋쟁이사자처럼 AI School 6기 수강생 공지",
            "content": "안녕하세요. 멋쟁이사자처럼 AI School 6기 수강생 여러분!\n\n수업 시작 전 확인하셔야 할 사항을 안내드립니다:\n1. 디스코드 채널 입장\n2. LMS 가입 및 로그인\n3. 출결 체크 방법 확인\n\n자세한 내용은 LMS를 참고해주세요.",
            "created_at": "@LAST_WEEK"
        },
        {
            "title": "[안내] 1차 프로젝트 발표회 및 평가 기준 안내",
            "content": "다가오는 프로젝트 발표회 관련 안내드립니다.\n\n일시: 2024년 1월 15일\n장소: 온라인 (Zoom)\n발표시간: 팀당 10분 (발표 7분, 질의응답 3분)\n\n평가기준:\n- 기술적 완성도: 40%\n- 발표력: 30%\n- 팀워크: 30%",
            "created_at": "@YESTERDAY"
        },
        {
            "title": "[모집] 멋쟁이사자처럼 해커톤 참가자 모집",
            "content": "2024 멋쟁이사자처럼 해커톤 참가자를 모집합니다!\n\n주제: AI 기술을 활용한 사회문제 해결\n기간: 2024년 2월 1일 ~ 2월 3일\n참가신청: LMS 내 설문 작성\n신청마감: 2024년 1월 25일",
            "created_at": "@TODAY"
        },
        {
            "title": "[안내] 온라인 특강: ChatGPT 프롬프트 엔지니어링",
            "content": "특별 온라인 특강을 진행합니다.\n\n주제: ChatGPT 프롬프트 엔지니어링 실전 가이드\n일시: 2024년 1월 20일 오후 2시\n강사: 김멋사 엔지니어\n\n참가신청: 디스코드 내 설문 작성",
            "created_at": "@NOW"
        }
    ]
}